game_title	steam_url
Counter-Strike: Global Offensive	https://store.steampowered.com/app/730/CounterStrike_Global_Offensive/?snr=1_7_7_230_150_1
MONSTER HUNTER: WORLD	https://store.steampowered.com/app/582010/MONSTER_HUNTER_WORLD/?snr=1_7_7_230_150_1
Path of Exile	https://store.steampowered.com/app/238960/Path_of_Exile/?snr=1_7_7_230_150_1
Insurgency: Sandstorm	https://store.steampowered.com/app/581320/Insurgency_Sandstorm/?snr=1_7_7_230_150_1
Warframe	https://store.steampowered.com/app/230410/Warframe/?snr=1_7_7_230_150_1
Assassin's Creed® Odyssey	https://store.steampowered.com/app/812140/Assassins_Creed_Odyssey/?snr=1_7_7_230_150_1
Divinity: Original Sin 2 - Definitive Edition	https://store.steampowered.com/app/435150/Divinity_Original_Sin_2__Definitive_Edition/?snr=1_7_7_230_150_1
Rocket League®	https://store.steampowered.com/app/252950/Rocket_League/?snr=1_7_7_230_150_1
Rust	https://store.steampowered.com/app/252490/Rust/?snr=1_7_7_230_150_1
Tom Clancy's Rainbow Six® Siege	https://store.steampowered.com/app/359550/Tom_Clancys_Rainbow_Six_Siege/?snr=1_7_7_230_150_1
Team Fortress 2	https://store.steampowered.com/app/440/Team_Fortress_2/?snr=1_7_7_230_150_1
Shadow of the Tomb Raider	https://store.steampowered.com/app/750920/Shadow_of_the_Tomb_Raider/?snr=1_7_7_230_150_1
The Outer Worlds	https://store.steampowered.com/app/578650/The_Outer_Worlds/?snr=1_7_7_230_150_1174
Total War: WARHAMMER II	https://store.steampowered.com/app/594570/Total_War_WARHAMMER_II/?snr=1_7_7_230_150_1
Escape From Paradise 2	https://store.steampowered.com/app/47120/Escape_From_Paradise_2/?snr=1_7_7_230_150_410
Kingdom Come: Deliverance	https://store.steampowered.com/app/379430/Kingdom_Come_Deliverance/?snr=1_7_7_230_150_1
The Witcher® 3: Wild Hunt	https://store.steampowered.com/app/292030/The_Witcher_3_Wild_Hunt/?snr=1_7_7_230_150_1
Stardew Valley	https://store.steampowered.com/app/413150/Stardew_Valley/?snr=1_7_7_230_150_1
The Witcher 3: Wild Hunt - Game of the Year Edition	https://store.steampowered.com/sub/124923/?snr=1_7_7_230_150_7
War Thunder	https://store.steampowered.com/app/236390/War_Thunder/?snr=1_7_7_230_150_1
The Elder Scrolls V: Skyrim Special Edition	https://store.steampowered.com/app/489830/The_Elder_Scrolls_V_Skyrim_Special_Edition/?snr=1_7_7_230_150_1
Slime Rancher	https://store.steampowered.com/app/433340/Slime_Rancher/?snr=1_7_7_230_150_1
ARK: Survival Evolved	https://store.steampowered.com/app/346110/ARK_Survival_Evolved/?snr=1_7_7_230_150_1
Beat Saber	https://store.steampowered.com/app/620980/Beat_Saber/?snr=1_7_7_230_150_1
Black Desert Online	https://store.steampowered.com/app/582660/Black_Desert_Online/?snr=1_7_7_230_150_1
Subnautica	https://store.steampowered.com/app/264710/Subnautica/?snr=1_7_7_230_150_1
Subnautica	https://store.steampowered.com/app/264710/Subnautica/?snr=1_7_7_230_150_2
Far Cry® 5	https://store.steampowered.com/app/552520/Far_Cry_5/?snr=1_7_7_230_150_2
Farming Simulator 19	https://store.steampowered.com/app/787860/Farming_Simulator_19/?snr=1_7_7_230_150_2
Warhammer: Vermintide 2	https://store.steampowered.com/app/552500/Warhammer_Vermintide_2/?snr=1_7_7_230_150_2
Dead by Daylight	https://store.steampowered.com/app/381210/Dead_by_Daylight/?snr=1_7_7_230_150_2
HITMAN™ 2	https://store.steampowered.com/app/863550/HITMAN_2/?snr=1_7_7_230_150_2
No Man's Sky	https://store.steampowered.com/app/275850/No_Mans_Sky/?snr=1_7_7_230_150_2
DRAGON QUEST® XI: Echoes of an Elusive Age™ - Digital Edition of Light	https://store.steampowered.com/app/742120/DRAGON_QUEST_XI_Echoes_of_an_Elusive_Age__Digital_Edition_of_Light/?snr=1_7_7_230_150_2
Raft	https://store.steampowered.com/app/648800/Raft/?snr=1_7_7_230_150_2
Jurassic World Evolution	https://store.steampowered.com/app/648350/Jurassic_World_Evolution/?snr=1_7_7_230_150_2
Tom Clancy's Ghost Recon® Wildlands	https://store.steampowered.com/app/460930/Tom_Clancys_Ghost_Recon_Wildlands/?snr=1_7_7_230_150_2
SMITE®	https://store.steampowered.com/app/386360/SMITE/?snr=1_7_7_230_150_2
The Universim	https://store.steampowered.com/app/352720/The_Universim/?snr=1_7_7_230_150_2
Sid Meier’s Civilization® VI	https://store.steampowered.com/app/289070/Sid_Meiers_Civilization_VI/?snr=1_7_7_230_150_2
The Elder Scrolls V: Skyrim VR	https://store.steampowered.com/app/611670/The_Elder_Scrolls_V_Skyrim_VR/?snr=1_7_7_230_150_2
Dota 2	https://store.steampowered.com/app/570/Dota_2/?snr=1_7_7_230_150_2
RimWorld	https://store.steampowered.com/app/294100/RimWorld/?snr=1_7_7_230_150_2
Frostpunk	https://store.steampowered.com/app/323190/Frostpunk/?snr=1_7_7_230_150_2
Fallout 4	https://store.steampowered.com/app/377160/Fallout_4/?snr=1_7_7_230_150_2
Deep Rock Galactic	https://store.steampowered.com/app/548430/Deep_Rock_Galactic/?snr=1_7_7_230_150_2
Garry's Mod	https://store.steampowered.com/app/4000/Garrys_Mod/?snr=1_7_7_230_150_2
Middle-earth™: Shadow of War™	https://store.steampowered.com/app/356190/Middleearth_Shadow_of_War/?snr=1_7_7_230_150_2
Kenshi	https://store.steampowered.com/app/233860/Kenshi/?snr=1_7_7_230_150_2
